image_path,insertion_auc,deletion_auc,highest_confidence,sensitive_insertion_auc,sensitive_deletion_auc,sensitive_highest_confidence,point_game_box,point_game_mask
000000005060.jpg,0.9895457840712784,0.08623067206620726,0.9997669458389282,0.9895457840712784,0.08623067206620726,0.9997669458389282,1.0,1.0
000000005503.jpg,0.9438452279126204,0.5596700948145655,0.9997215270996094,0.9438452279126204,0.5596700948145655,0.9997215270996094,1.0,0.0
000000007386.jpg,0.9672028756871515,0.07604740270323179,0.9988165497779846,0.9672028756871515,0.07604740270323179,0.9988165497779846,1.0,1.0
000000015272.jpg,0.9654340631719949,0.08992939234731899,0.9998838901519775,0.9654340631719949,0.08992939234731899,0.9998838901519775,0.0,0.0
000000018737.jpg,0.9876282454832741,0.2617802960417765,0.9999480843544006,0.9876282454832741,0.2617802960417765,0.9999480843544006,1.0,0.0
000000027696.jpg,0.6827505270424096,0.008297429218604841,0.7980344295501709,0.6827505270424096,0.008297429218604841,0.7980344295501709,1.0,0.0
000000042276.jpg,0.982972229138399,0.248154182273608,0.9997232556343079,0.982972229138399,0.248154182273608,0.9997232556343079,1.0,1.0
000000045728.jpg,0.46135239724231797,0.02315117359289256,0.7068099975585938,,,,0.0,0.0
000000047112.jpg,0.9801403347336118,0.3541834526445956,0.9998692870140076,0.9801403347336118,0.3541834526445956,0.9998692870140076,1.0,1.0
000000050811.jpg,0.9836456650801798,0.6859830168716373,0.9999341368675232,0.9836456650801798,0.6859830168716373,0.9999341368675232,1.0,1.0
000000060090.jpg,0.984226168109023,0.720654626043203,0.9999361038208008,0.984226168109023,0.720654626043203,0.9999361038208008,1.0,1.0
000000062554.jpg,0.9713880422754565,0.5939613855538378,0.9999405741691589,0.9713880422754565,0.5939613855538378,0.9999405741691589,1.0,1.0
000000063602.jpg,0.9890379503153373,0.4431320117921501,0.9999539852142334,0.9890379503153373,0.4431320117921501,0.9999539852142334,1.0,1.0
000000065736.jpg,0.9887944431408592,0.2808029373744975,0.9999479651451111,0.9887944431408592,0.2808029373744975,0.9999479651451111,1.0,1.0
000000066886.jpg,0.9879277664682139,0.5896436768354498,0.9999513030052185,0.9879277664682139,0.5896436768354498,0.9999513030052185,1.0,1.0
000000076417.jpg,0.9764614243946416,0.23180287144244519,0.9998903870582581,0.9764614243946416,0.23180287144244519,0.9998903870582581,1.0,1.0
000000076731.jpg,0.8039070479340434,0.5450757567464194,0.9902510046958923,,,,1.0,1.0
000000077595.jpg,0.9882456952678985,0.18779420512525932,0.9999659657478333,0.9882456952678985,0.18779420512525932,0.9999659657478333,1.0,1.0
000000080153.jpg,0.9882534591184147,0.11178169699277782,0.999981701374054,0.9882534591184147,0.11178169699277782,0.999981701374054,1.0,1.0
000000080949.jpg,0.8754431736534056,0.6123670700555681,0.9998531341552734,0.8754431736534056,0.6123670700555681,0.9998531341552734,1.0,1.0
000000084170.jpg,0.9731539605218736,0.12320241703548529,0.9999558329582214,0.9731539605218736,0.12320241703548529,0.9999558329582214,1.0,1.0
000000085195.jpg,0.9651850772178387,0.14261639635900364,0.998698890209198,0.9651850772178387,0.14261639635900364,0.998698890209198,1.0,1.0
000000085665.jpg,0.9782778354730582,0.15247790430613978,0.9986013174057007,0.9782778354730582,0.15247790430613978,0.9986013174057007,0.0,0.0
000000085911.jpg,0.7206651104718262,0.41286064296822006,0.9188331961631775,0.7206651104718262,0.41286064296822006,0.9188331961631775,1.0,1.0
000000090631.jpg,0.9562432338362156,0.23636719232760595,0.9982901215553284,0.9562432338362156,0.23636719232760595,0.9982901215553284,1.0,1.0
000000106330.jpg,0.9507124585086022,0.31446979527996066,0.9986922740936279,0.9507124585086022,0.31446979527996066,0.9986922740936279,1.0,1.0
000000106757.jpg,0.9857478995578014,0.4668877512422404,0.99996417760849,0.9857478995578014,0.4668877512422404,0.99996417760849,1.0,0.0
000000111951.jpg,0.9802433264428291,0.20309125286513482,0.9998074769973755,0.9802433264428291,0.20309125286513482,0.9998074769973755,1.0,0.0
000000112298.jpg,0.9879452673065694,0.2722916949321242,0.9997292757034302,0.9879452673065694,0.2722916949321242,0.9997292757034302,1.0,1.0
000000114770.jpg,0.9658050199750787,0.10509115404460972,0.9999130368232727,0.9658050199750787,0.10509115404460972,0.9999130368232727,1.0,1.0
000000115118.jpg,0.9868424923091693,0.274434777383399,0.9999606609344482,0.9868424923091693,0.274434777383399,0.9999606609344482,1.0,1.0
000000117719.jpg,0.9211236796085385,0.021607904811727183,0.9769629836082458,0.9211236796085385,0.021607904811727183,0.9769629836082458,1.0,1.0
000000118515.jpg,0.9506824533694347,0.16712514835893194,0.9993225336074829,0.9506824533694347,0.16712514835893194,0.9993225336074829,1.0,1.0
000000119677.jpg,0.9630996562026041,0.13569996908486906,0.996313214302063,0.9630996562026041,0.13569996908486906,0.996313214302063,1.0,1.0
000000128051.jpg,0.9628790883116898,0.22342596705829454,0.9985256195068359,0.9628790883116898,0.22342596705829454,0.9985256195068359,1.0,1.0
000000128658.jpg,0.9873869315869566,0.0819719097698513,0.9999027848243713,0.9873869315869566,0.0819719097698513,0.9999027848243713,1.0,1.0
000000130826.jpg,0.9762732422412814,0.4525691911368571,0.9996401071548462,0.9762732422412814,0.4525691911368571,0.9996401071548462,1.0,0.0
000000131938.jpg,0.9622336898161017,0.11663969229612633,0.9995710253715515,0.9622336898161017,0.11663969229612633,0.9995710253715515,1.0,1.0
000000140987.jpg,0.9863760249338289,0.10431667624517646,0.99995356798172,0.9863760249338289,0.10431667624517646,0.99995356798172,1.0,1.0
000000147725.jpg,0.9856455015099567,0.09963432283661605,0.9999129176139832,0.9856455015099567,0.09963432283661605,0.9999129176139832,1.0,1.0
000000156372.jpg,0.9798613854994376,0.10210348245443501,0.9998210668563843,0.9798613854994376,0.10210348245443501,0.9998210668563843,1.0,1.0
000000159282.jpg,0.9821681150491687,0.11797526583068775,0.9994711875915527,0.9821681150491687,0.11797526583068775,0.9994711875915527,1.0,1.0
000000161008.jpg,0.8830031005622787,0.28582900118968835,0.999900758266449,0.8830031005622787,0.28582900118968835,0.999900758266449,1.0,0.0
000000161875.jpg,0.9774303643599802,0.14951336836683615,0.9999033808708191,0.9774303643599802,0.14951336836683615,0.9999033808708191,1.0,1.0
000000163951.jpg,0.9737019419670104,0.047875011707319726,0.9990789890289307,0.9737019419670104,0.047875011707319726,0.9990789890289307,1.0,1.0
000000187055.jpg,0.9881338033987127,0.3839301225931748,0.9993996024131775,0.9881338033987127,0.3839301225931748,0.9993996024131775,1.0,1.0
000000200421.jpg,0.9820811837682943,0.3807037506854552,0.9998826384544373,0.9820811837682943,0.3807037506854552,0.9998826384544373,1.0,1.0
000000201646.jpg,0.9848867872055026,0.30625877112413397,0.9998772740364075,0.9848867872055026,0.30625877112413397,0.9998772740364075,1.0,1.0
000000203294.jpg,0.9689673312637201,0.24116039424971278,0.9998804926872253,0.9689673312637201,0.24116039424971278,0.9998804926872253,1.0,1.0
000000205647.jpg,0.9858935040840203,0.17335049709511002,0.9998599886894226,0.9858935040840203,0.17335049709511002,0.9998599886894226,0.0,0.0
000000208208.jpg,0.980560807239674,0.1938698856053455,0.9985542893409729,0.980560807239674,0.1938698856053455,0.9985542893409729,1.0,0.0
000000210030.jpg,0.9811238107227143,0.155710596392589,0.9997777938842773,0.9811238107227143,0.155710596392589,0.9997777938842773,1.0,1.0
000000212800.jpg,0.9736380151216534,0.32324498248543,0.9999223947525024,0.9736380151216534,0.32324498248543,0.9999223947525024,1.0,1.0
000000213255.jpg,0.9873409554400407,0.586863711775195,0.999930202960968,0.9873409554400407,0.586863711775195,0.999930202960968,1.0,0.0
000000216277.jpg,0.9844235472971825,0.24575786404508718,0.9997826814651489,0.9844235472971825,0.24575786404508718,0.9997826814651489,1.0,1.0
000000216636.jpg,0.9525179741175277,0.4309454181542,0.9998734593391418,0.9525179741175277,0.4309454181542,0.9998734593391418,1.0,1.0
000000220732.jpg,0.9802999297523742,0.2309900444153401,0.9974628686904907,0.9802999297523742,0.2309900444153401,0.9974628686904907,1.0,1.0
000000223090.jpg,0.972956681571653,0.06578846946055636,0.9998795390129089,0.972956681571653,0.06578846946055636,0.9998795390129089,1.0,1.0
000000227686.jpg,0.9436591378588608,0.37877774185214647,0.9998130202293396,0.9436591378588608,0.37877774185214647,0.9998130202293396,1.0,0.0
000000229659.jpg,0.9592498261148056,0.15608722668276895,0.9998684525489807,0.9592498261148056,0.15608722668276895,0.9998684525489807,1.0,1.0
000000231549.jpg,0.9856692424515628,0.13778070067374104,0.9999491572380066,0.9856692424515628,0.13778070067374104,0.9999491572380066,1.0,1.0
000000232088.jpg,0.9687546855767669,0.1334543716653114,0.9987461566925049,0.9687546855767669,0.1334543716653114,0.9987461566925049,0.0,0.0
000000235057.jpg,0.9837958574904812,0.24332881426615888,0.9999266862869263,0.9837958574904812,0.24332881426615888,0.9999266862869263,1.0,1.0
000000245576.jpg,0.9763678377089293,0.2968729681454782,0.9999468326568604,0.9763678377089293,0.2968729681454782,0.9999468326568604,1.0,0.0
000000246436.jpg,0.8607747206831222,0.23959334450476152,0.9730192422866821,0.8607747206831222,0.23959334450476152,0.9730192422866821,0.0,0.0
000000250137.jpg,0.9766409577006269,0.22273655692853817,0.999825119972229,0.9766409577006269,0.22273655692853817,0.999825119972229,1.0,1.0
000000259690.jpg,0.576886319633945,0.04121514327247695,0.8185112476348877,,,,0.0,0.0
000000261888.jpg,0.9891975046067998,0.1276469590987646,0.9999397993087769,0.9891975046067998,0.1276469590987646,0.9999397993087769,1.0,1.0
000000261982.jpg,0.9831662417753884,0.40799085625811754,0.999867856502533,0.9831662417753884,0.40799085625811754,0.999867856502533,0.0,0.0
000000269121.jpg,0.9870163355108417,0.49310729807501075,0.9998319149017334,0.9870163355108417,0.49310729807501075,0.9998319149017334,1.0,0.0
000000275392.jpg,0.9724868776853128,0.326074721108362,0.9999739527702332,0.9724868776853128,0.326074721108362,0.9999739527702332,1.0,1.0
000000278463.jpg,0.9884994180915911,0.08464822729947068,0.9999436140060425,0.9884994180915911,0.08464822729947068,0.9999436140060425,0.0,0.0
000000278848.jpg,0.9120882972503257,0.2948067277607977,0.9998756051063538,0.9120882972503257,0.2948067277607977,0.9998756051063538,1.0,1.0
000000280325.jpg,0.9487251106999879,0.10826951982931063,0.9990649819374084,0.9487251106999879,0.10826951982931063,0.9990649819374084,1.0,1.0
000000284279.jpg,0.988061271391917,0.13543174775533268,0.9999638795852661,0.988061271391917,0.13543174775533268,0.9999638795852661,1.0,1.0
000000290619.jpg,0.9896431297749814,0.0803906226583724,0.9998533725738525,0.9896431297749814,0.0803906226583724,0.9998533725738525,1.0,1.0
000000297353.jpg,0.9916991617931986,0.35533317386307833,0.9998827576637268,0.9916991617931986,0.35533317386307833,0.9998827576637268,1.0,1.0
000000298396.jpg,0.9884474452804117,0.34208866622051237,0.9999271035194397,0.9884474452804117,0.34208866622051237,0.9999271035194397,0.0,0.0
000000298738.jpg,0.9813593820601271,0.25154831605618116,0.999661922454834,0.9813593820601271,0.25154831605618116,0.999661922454834,1.0,1.0
000000305695.jpg,0.9780033472401406,0.06492626239259898,0.9997153878211975,0.9780033472401406,0.06492626239259898,0.9997153878211975,1.0,1.0
000000308394.jpg,0.7427280778470248,0.34319572529984993,0.9554195404052734,0.7427280778470248,0.34319572529984993,0.9554195404052734,0.0,0.0
000000312213.jpg,0.9879356006069866,0.34776477463122174,0.999963641166687,0.9879356006069866,0.34776477463122174,0.999963641166687,1.0,1.0
000000315257.jpg,0.9745626643588002,0.3566475914530276,0.9999557137489319,0.9745626643588002,0.3566475914530276,0.9999557137489319,1.0,1.0
000000342971.jpg,0.9826207423339719,0.5596018306764208,0.9999078512191772,0.9826207423339719,0.5596018306764208,0.9999078512191772,1.0,1.0
000000347174.jpg,0.9578704915184905,0.6927778561856004,0.9999074935913086,0.9578704915184905,0.6927778561856004,0.9999074935913086,1.0,0.0
000000348488.jpg,0.9167686629173395,0.44601705489332416,0.9984880685806274,0.9167686629173395,0.44601705489332416,0.9984880685806274,1.0,1.0
000000353970.jpg,0.9635925278283548,0.3961767478530511,0.9998213052749634,0.9635925278283548,0.3961767478530511,0.9998213052749634,1.0,1.0
000000355257.jpg,0.9886249843714895,0.05313552196266888,0.9998341798782349,0.9886249843714895,0.05313552196266888,0.9998341798782349,1.0,0.0
000000357888.jpg,0.9010941296282327,0.03183272893405387,0.9950341582298279,0.9010941296282327,0.03183272893405387,0.9950341582298279,0.0,0.0
000000359781.jpg,0.9894040864374902,0.26529791411592446,0.9999436736106873,0.9894040864374902,0.26529791411592446,0.9999436736106873,1.0,1.0
000000359833.jpg,0.8629196683311706,0.17560174090125366,0.999106764793396,0.8629196683311706,0.17560174090125366,0.999106764793396,0.0,0.0
000000364636.jpg,0.986958180739623,0.5018161560922384,0.9999741315841675,0.986958180739623,0.5018161560922384,0.9999741315841675,1.0,1.0
000000365385.jpg,0.9389862858730813,0.20479264253264534,0.9972121715545654,0.9389862858730813,0.20479264253264534,0.9972121715545654,0.0,0.0
000000365655.jpg,0.9827701508135036,0.18575513955286668,0.9996221661567688,0.9827701508135036,0.18575513955286668,0.9996221661567688,1.0,1.0
000000374982.jpg,0.9675752902642274,0.5414497256392174,0.9995267391204834,0.9675752902642274,0.5414497256392174,0.9995267391204834,1.0,1.0
000000376625.jpg,0.9716369138247726,0.4426364882032563,0.9997642040252686,0.9716369138247726,0.4426364882032563,0.9997642040252686,1.0,1.0
000000384850.jpg,0.9870387522308418,0.05630068086466425,0.9997493028640747,0.9870387522308418,0.05630068086466425,0.9997493028640747,1.0,1.0
000000386879.jpg,0.9773077357506407,0.1052613628923596,0.9999014139175415,0.9773077357506407,0.1052613628923596,0.9999014139175415,1.0,1.0
000000387098.jpg,0.9893739314182945,0.23831569262401522,0.9999598264694214,0.9893739314182945,0.23831569262401522,0.9999598264694214,1.0,1.0
000000389812.jpg,0.9890099103798342,0.3226358332938482,0.9999167919158936,0.9890099103798342,0.3226358332938482,0.9999167919158936,1.0,1.0
000000395633.jpg,0.9883418046604948,0.5650496296371351,0.9999192953109741,0.9883418046604948,0.5650496296371351,0.9999192953109741,1.0,1.0
000000396526.jpg,0.9695663689463228,0.1946261455822322,0.9992755651473999,0.9695663689463228,0.1946261455822322,0.9992755651473999,1.0,1.0
000000402774.jpg,0.9515222361986186,0.4736404257192127,0.9999304413795471,0.9515222361986186,0.4736404257192127,0.9999304413795471,1.0,1.0
000000406997.jpg,0.9842169439548727,0.1727658766184879,0.9998958110809326,0.9842169439548727,0.1727658766184879,0.9998958110809326,1.0,1.0
000000407403.jpg,0.8546181276992515,0.2831194355514728,0.9924203157424927,0.8546181276992515,0.2831194355514728,0.9924203157424927,1.0,1.0
000000411774.jpg,0.6128423338771886,0.2901992023978223,0.9993028044700623,0.6128423338771886,0.2901992023978223,0.9993028044700623,1.0,0.0
000000415748.jpg,0.9588478587135889,0.4155473718975597,0.9999770522117615,0.9588478587135889,0.4155473718975597,0.9999770522117615,1.0,1.0
000000416256.jpg,0.9801682295580196,0.10293148266067964,0.9998211860656738,0.9801682295580196,0.10293148266067964,0.9998211860656738,1.0,1.0
000000416885.jpg,0.9840360617535746,0.8646226144499248,0.9995829463005066,0.9840360617535746,0.8646226144499248,0.9995829463005066,1.0,1.0
000000417285.jpg,0.9649806858993801,0.08346806299778825,0.998550534248352,0.9649806858993801,0.08346806299778825,0.998550534248352,1.0,1.0
000000427655.jpg,0.9885439034389415,0.41451353291085447,0.9999746084213257,0.9885439034389415,0.41451353291085447,0.9999746084213257,1.0,1.0
000000433134.jpg,0.9880300059800258,0.3848688568349135,0.9999631643295288,0.9880300059800258,0.3848688568349135,0.9999631643295288,1.0,1.0
000000437514.jpg,0.9913319522919862,0.20715239076601827,0.9999561309814453,0.9913319522919862,0.20715239076601827,0.9999561309814453,1.0,1.0
000000438876.jpg,0.9820617150377344,0.3164716053936529,0.9997817277908325,0.9820617150377344,0.3164716053936529,0.9997817277908325,1.0,1.0
000000445675.jpg,0.9874388111369385,0.18768827391685383,0.9999518394470215,0.9874388111369385,0.18768827391685383,0.9999518394470215,1.0,1.0
000000448256.jpg,0.9204388417627498,0.6426111697502759,0.9987114667892456,,,,1.0,0.0
000000449432.jpg,0.9817229686439901,0.3229862431009204,0.999914824962616,0.9817229686439901,0.3229862431009204,0.999914824962616,1.0,1.0
000000455085.jpg,0.9758316643860029,0.655882647007272,0.9999310970306396,0.9758316643860029,0.655882647007272,0.9999310970306396,1.0,1.0
000000456559.jpg,0.9877797632723513,0.7697513019963813,0.9998381733894348,0.9877797632723513,0.7697513019963813,0.9998381733894348,1.0,1.0
000000460927.jpg,0.9855230526381908,0.23157706204602263,0.9999027252197266,0.9855230526381908,0.23157706204602263,0.9999027252197266,1.0,1.0
000000474786.jpg,0.5075548127866707,0.06415737820311616,0.8309080600738525,0.5075548127866707,0.06415737820311616,0.8309080600738525,0.0,0.0
000000475150.jpg,0.9819684544335241,0.26700754616782507,0.9998969435691833,0.9819684544335241,0.26700754616782507,0.9998969435691833,1.0,1.0
000000475387.jpg,0.9805567277082496,0.645557744809143,0.999955952167511,0.9805567277082496,0.645557744809143,0.999955952167511,1.0,1.0
000000476810.jpg,0.9887963964048858,0.15770144817709125,0.9999585151672363,0.9887963964048858,0.15770144817709125,0.9999585151672363,1.0,1.0
000000460333.jpg,0.9892609874000939,0.3502085269607432,0.9998153448104858,0.9892609874000939,0.3502085269607432,0.9998153448104858,1.0,1.0
000000486438.jpg,0.9514176944675653,0.17254630911949154,0.9988725185394287,0.9514176944675653,0.17254630911949154,0.9988725185394287,1.0,0.0
000000497599.jpg,0.9388529772343843,0.08856883000901336,0.9997531771659851,0.9388529772343843,0.08856883000901336,0.9997531771659851,1.0,1.0
000000506310.jpg,0.969917203982671,0.059123612176356935,0.9984957575798035,0.969917203982671,0.059123612176356935,0.9984957575798035,1.0,1.0
000000515025.jpg,0.9886475633019987,0.11955890100680466,0.9999019503593445,0.9886475633019987,0.11955890100680466,0.9999019503593445,1.0,0.0
000000516143.jpg,0.9886944854960722,0.3297800703486755,0.9999054074287415,0.9886944854960722,0.3297800703486755,0.9999054074287415,1.0,1.0
000000519338.jpg,0.9817062965769698,0.3343990303691037,0.9976797699928284,0.9817062965769698,0.3343990303691037,0.9976797699928284,1.0,1.0
000000520531.jpg,0.9824661366317582,0.38044168502821774,0.9999663829803467,0.9824661366317582,0.38044168502821774,0.9999663829803467,1.0,1.0
000000521282.jpg,0.8974087740200154,0.359260467864384,0.9827636480331421,0.8974087740200154,0.359260467864384,0.9827636480331421,1.0,1.0
000000522940.jpg,0.9184863723562535,0.4405146505917616,0.9993503093719482,0.9184863723562535,0.4405146505917616,0.9993503093719482,1.0,1.0
000000528705.jpg,0.9595613480910012,0.25246619749476834,0.9990063309669495,0.9595613480910012,0.25246619749476834,0.9990063309669495,1.0,1.0
000000533536.jpg,0.914830705717854,0.3029262921165513,0.9999129772186279,0.914830705717854,0.3029262921165513,0.9999129772186279,1.0,1.0
000000534601.jpg,0.9200780363408503,0.4277359888483598,0.9990839958190918,0.9200780363408503,0.4277359888483598,0.9990839958190918,1.0,1.0
000000549738.jpg,0.9825363839018173,0.19869750108809442,0.9999352693557739,0.9825363839018173,0.19869750108809442,0.9999352693557739,1.0,0.0
000000550322.jpg,0.9549350631409796,0.2344780563228372,0.9972910284996033,0.9549350631409796,0.2344780563228372,0.9972910284996033,0.0,0.0
000000550426.jpg,0.9341702289339425,0.5355428681025566,0.9968211650848389,0.9341702289339425,0.5355428681025566,0.9968211650848389,0.0,0.0
000000556873.jpg,0.9861148244228917,0.10323458852887954,0.9999579787254333,0.9861148244228917,0.10323458852887954,0.9999579787254333,1.0,1.0
000000557672.jpg,0.9665358588747356,0.7282057310198097,0.9999452829360962,0.9665358588747356,0.7282057310198097,0.9999452829360962,1.0,1.0
000000561256.jpg,0.9907800838770463,0.24746721755253817,0.9999481439590454,0.9907800838770463,0.24746721755253817,0.9999481439590454,1.0,1.0
000000561465.jpg,0.9582199076236771,0.8273040970618074,0.9996021389961243,0.9582199076236771,0.8273040970618074,0.9996021389961243,1.0,1.0
000000564091.jpg,0.9875237151332524,0.4550733394488908,0.9999580979347229,0.9875237151332524,0.4550733394488908,0.9999580979347229,1.0,1.0
000000568690.jpg,0.960251205107745,0.3635461708239596,0.9999311566352844,0.960251205107745,0.3635461708239596,0.9999311566352844,1.0,1.0
000000570169.jpg,0.9341778982808626,0.18613166352604266,0.9997438192367554,0.9341778982808626,0.18613166352604266,0.9997438192367554,1.0,1.0
000000572462.jpg,0.5667834995884049,0.40504294086136083,0.8527639508247375,,,,0.0,0.0
000000575500.jpg,0.9766427284781483,0.08989301973656902,0.9968198537826538,0.9766427284781483,0.08989301973656902,0.9968198537826538,1.0,1.0
000000580410.jpg,0.9013799503229667,0.1634116564701865,0.9998790621757507,0.9013799503229667,0.1634116564701865,0.9998790621757507,1.0,0.0
